class,time
1,Mon Apr 09 15:31:39 GMT+05:30 2018
3,Mon Apr 09 15:31:40 GMT+05:30 2018
0,Mon Apr 09 15:31:41 GMT+05:30 2018
3,Mon Apr 09 15:31:42 GMT+05:30 2018
3,Mon Apr 09 15:31:43 GMT+05:30 2018
1,Mon Apr 09 15:31:44 GMT+05:30 2018
1,Mon Apr 09 15:31:45 GMT+05:30 2018
0,Mon Apr 09 15:31:46 GMT+05:30 2018
1,Mon Apr 09 15:31:47 GMT+05:30 2018
1,Mon Apr 09 15:31:48 GMT+05:30 2018
1,Mon Apr 09 15:31:49 GMT+05:30 2018
0,Mon Apr 09 15:31:50 GMT+05:30 2018
0,Mon Apr 09 15:31:51 GMT+05:30 2018
1,Mon Apr 09 15:31:52 GMT+05:30 2018
3,Mon Apr 09 15:31:53 GMT+05:30 2018
3,Mon Apr 09 15:31:54 GMT+05:30 2018
2,Mon Apr 09 15:31:55 GMT+05:30 2018
4,Mon Apr 09 15:31:56 GMT+05:30 2018
1,Mon Apr 09 15:31:57 GMT+05:30 2018
1,Mon Apr 09 15:31:58 GMT+05:30 2018
4,Mon Apr 09 15:31:59 GMT+05:30 2018
4,Mon Apr 09 15:32:00 GMT+05:30 2018
4,Mon Apr 09 15:32:01 GMT+05:30 2018
3,Mon Apr 09 15:32:02 GMT+05:30 2018
0,Mon Apr 09 15:32:03 GMT+05:30 2018
0,Mon Apr 09 15:32:04 GMT+05:30 2018
1,Mon Apr 09 15:32:05 GMT+05:30 2018
4,Mon Apr 09 15:32:06 GMT+05:30 2018
1,Mon Apr 09 15:32:07 GMT+05:30 2018
0,Mon Apr 09 15:32:08 GMT+05:30 2018
4,Mon Apr 09 15:32:09 GMT+05:30 2018
0,Mon Apr 09 15:32:10 GMT+05:30 2018
3,Mon Apr 09 15:32:11 GMT+05:30 2018
0,Mon Apr 09 15:32:12 GMT+05:30 2018
0,Mon Apr 09 15:32:13 GMT+05:30 2018
2,Mon Apr 09 15:32:14 GMT+05:30 2018
2,Mon Apr 09 15:32:15 GMT+05:30 2018
2,Mon Apr 09 15:32:16 GMT+05:30 2018
0,Mon Apr 09 15:32:17 GMT+05:30 2018
1,Mon Apr 09 15:32:18 GMT+05:30 2018
1,Mon Apr 09 15:32:19 GMT+05:30 2018
2,Mon Apr 09 15:32:20 GMT+05:30 2018
2,Mon Apr 09 15:32:21 GMT+05:30 2018
4,Mon Apr 09 15:32:22 GMT+05:30 2018
0,Mon Apr 09 15:32:23 GMT+05:30 2018
2,Mon Apr 09 15:32:24 GMT+05:30 2018
1,Mon Apr 09 15:32:25 GMT+05:30 2018
2,Mon Apr 09 15:32:26 GMT+05:30 2018
2,Mon Apr 09 15:32:27 GMT+05:30 2018
2,Mon Apr 09 15:32:28 GMT+05:30 2018
2,Mon Apr 09 15:32:29 GMT+05:30 2018
2,Mon Apr 09 15:32:30 GMT+05:30 2018
2,Mon Apr 09 15:32:31 GMT+05:30 2018
2,Mon Apr 09 15:32:32 GMT+05:30 2018
2,Mon Apr 09 15:32:33 GMT+05:30 2018
2,Mon Apr 09 15:32:34 GMT+05:30 2018
2,Mon Apr 09 15:32:35 GMT+05:30 2018
2,Mon Apr 09 15:32:36 GMT+05:30 2018
0,Mon Apr 09 15:32:37 GMT+05:30 2018
2,Mon Apr 09 15:32:38 GMT+05:30 2018
2,Mon Apr 09 15:32:39 GMT+05:30 2018
2,Mon Apr 09 15:32:40 GMT+05:30 2018
2,Mon Apr 09 15:32:41 GMT+05:30 2018
2,Mon Apr 09 15:32:42 GMT+05:30 2018
2,Mon Apr 09 15:32:43 GMT+05:30 2018
2,Mon Apr 09 15:32:44 GMT+05:30 2018
2,Mon Apr 09 15:32:45 GMT+05:30 2018
2,Mon Apr 09 15:32:46 GMT+05:30 2018
2,Mon Apr 09 15:32:47 GMT+05:30 2018
2,Mon Apr 09 15:32:48 GMT+05:30 2018
2,Mon Apr 09 15:32:49 GMT+05:30 2018
2,Mon Apr 09 15:32:50 GMT+05:30 2018
2,Mon Apr 09 15:32:51 GMT+05:30 2018
2,Mon Apr 09 15:32:52 GMT+05:30 2018
2,Mon Apr 09 15:32:53 GMT+05:30 2018
1,Mon Apr 09 15:32:54 GMT+05:30 2018
3,Mon Apr 09 15:32:55 GMT+05:30 2018
1,Mon Apr 09 15:32:56 GMT+05:30 2018
2,Mon Apr 09 15:32:57 GMT+05:30 2018
1,Mon Apr 09 15:32:58 GMT+05:30 2018
2,Mon Apr 09 15:32:59 GMT+05:30 2018
1,Mon Apr 09 15:33:00 GMT+05:30 2018
1,Mon Apr 09 15:33:01 GMT+05:30 2018
4,Mon Apr 09 15:33:02 GMT+05:30 2018
3,Mon Apr 09 15:33:03 GMT+05:30 2018
1,Mon Apr 09 15:33:04 GMT+05:30 2018
1,Mon Apr 09 15:33:05 GMT+05:30 2018
3,Mon Apr 09 15:33:06 GMT+05:30 2018
1,Mon Apr 09 15:33:07 GMT+05:30 2018
0,Mon Apr 09 15:33:08 GMT+05:30 2018
4,Mon Apr 09 15:33:09 GMT+05:30 2018
1,Mon Apr 09 15:33:10 GMT+05:30 2018
0,Mon Apr 09 15:33:11 GMT+05:30 2018
0,Mon Apr 09 15:33:12 GMT+05:30 2018
4,Mon Apr 09 15:33:13 GMT+05:30 2018
0,Mon Apr 09 15:33:14 GMT+05:30 2018
3,Mon Apr 09 15:33:15 GMT+05:30 2018
1,Mon Apr 09 15:33:16 GMT+05:30 2018
1,Mon Apr 09 15:33:17 GMT+05:30 2018
1,Mon Apr 09 15:33:18 GMT+05:30 2018
0,Mon Apr 09 15:33:19 GMT+05:30 2018
0,Mon Apr 09 15:33:20 GMT+05:30 2018
2,Mon Apr 09 15:33:21 GMT+05:30 2018
1,Mon Apr 09 15:33:22 GMT+05:30 2018
1,Mon Apr 09 15:33:23 GMT+05:30 2018
0,Mon Apr 09 15:33:24 GMT+05:30 2018
1,Mon Apr 09 15:33:25 GMT+05:30 2018
4,Mon Apr 09 15:33:26 GMT+05:30 2018
1,Mon Apr 09 15:33:27 GMT+05:30 2018
0,Mon Apr 09 15:33:28 GMT+05:30 2018
2,Mon Apr 09 15:33:29 GMT+05:30 2018
3,Mon Apr 09 15:33:30 GMT+05:30 2018
4,Mon Apr 09 15:33:31 GMT+05:30 2018
1,Mon Apr 09 15:33:32 GMT+05:30 2018
3,Mon Apr 09 15:33:33 GMT+05:30 2018
0,Mon Apr 09 15:33:34 GMT+05:30 2018
2,Mon Apr 09 15:33:35 GMT+05:30 2018
4,Mon Apr 09 15:33:36 GMT+05:30 2018
1,Mon Apr 09 15:33:37 GMT+05:30 2018
1,Mon Apr 09 15:33:38 GMT+05:30 2018
2,Mon Apr 09 15:33:39 GMT+05:30 2018
1,Mon Apr 09 15:33:40 GMT+05:30 2018
2,Mon Apr 09 15:33:41 GMT+05:30 2018
0,Mon Apr 09 15:33:42 GMT+05:30 2018
4,Mon Apr 09 15:33:43 GMT+05:30 2018
1,Mon Apr 09 15:33:44 GMT+05:30 2018
1,Mon Apr 09 15:33:45 GMT+05:30 2018
3,Mon Apr 09 15:33:46 GMT+05:30 2018
4,Mon Apr 09 15:33:47 GMT+05:30 2018
1,Mon Apr 09 15:33:48 GMT+05:30 2018
1,Mon Apr 09 15:33:49 GMT+05:30 2018
1,Mon Apr 09 15:33:50 GMT+05:30 2018
1,Mon Apr 09 15:33:51 GMT+05:30 2018
4,Mon Apr 09 15:33:52 GMT+05:30 2018
0,Mon Apr 09 15:33:53 GMT+05:30 2018
1,Mon Apr 09 15:33:54 GMT+05:30 2018
1,Mon Apr 09 15:33:55 GMT+05:30 2018
4,Mon Apr 09 15:33:56 GMT+05:30 2018
2,Mon Apr 09 15:33:57 GMT+05:30 2018
1,Mon Apr 09 15:33:58 GMT+05:30 2018
0,Mon Apr 09 15:33:59 GMT+05:30 2018
4,Mon Apr 09 15:34:00 GMT+05:30 2018
1,Mon Apr 09 15:34:01 GMT+05:30 2018
0,Mon Apr 09 15:34:02 GMT+05:30 2018
2,Mon Apr 09 15:34:03 GMT+05:30 2018
2,Mon Apr 09 15:34:04 GMT+05:30 2018
1,Mon Apr 09 15:34:05 GMT+05:30 2018
2,Mon Apr 09 15:34:06 GMT+05:30 2018
0,Mon Apr 09 15:34:07 GMT+05:30 2018
1,Mon Apr 09 15:34:08 GMT+05:30 2018
4,Mon Apr 09 15:34:09 GMT+05:30 2018
4,Mon Apr 09 15:34:10 GMT+05:30 2018
3,Mon Apr 09 15:34:11 GMT+05:30 2018
2,Mon Apr 09 15:34:12 GMT+05:30 2018
2,Mon Apr 09 15:34:13 GMT+05:30 2018
2,Mon Apr 09 15:34:14 GMT+05:30 2018
4,Mon Apr 09 15:34:15 GMT+05:30 2018
4,Mon Apr 09 15:34:16 GMT+05:30 2018
1,Mon Apr 09 15:34:17 GMT+05:30 2018
4,Mon Apr 09 15:34:18 GMT+05:30 2018
1,Mon Apr 09 15:34:19 GMT+05:30 2018
1,Mon Apr 09 15:34:20 GMT+05:30 2018
1,Mon Apr 09 15:34:21 GMT+05:30 2018
0,Mon Apr 09 15:34:22 GMT+05:30 2018
0,Mon Apr 09 15:34:23 GMT+05:30 2018
0,Mon Apr 09 15:34:24 GMT+05:30 2018
4,Mon Apr 09 15:34:25 GMT+05:30 2018
4,Mon Apr 09 15:34:26 GMT+05:30 2018
0,Mon Apr 09 15:34:27 GMT+05:30 2018
1,Mon Apr 09 15:34:28 GMT+05:30 2018
1,Mon Apr 09 15:34:29 GMT+05:30 2018
0,Mon Apr 09 15:34:30 GMT+05:30 2018
4,Mon Apr 09 15:34:31 GMT+05:30 2018
0,Mon Apr 09 15:34:32 GMT+05:30 2018
2,Mon Apr 09 15:34:33 GMT+05:30 2018
2,Mon Apr 09 15:34:34 GMT+05:30 2018
2,Mon Apr 09 15:34:35 GMT+05:30 2018
2,Mon Apr 09 15:34:36 GMT+05:30 2018
2,Mon Apr 09 15:34:37 GMT+05:30 2018
2,Mon Apr 09 15:34:38 GMT+05:30 2018
2,Mon Apr 09 15:34:39 GMT+05:30 2018
1,Mon Apr 09 15:34:40 GMT+05:30 2018
0,Mon Apr 09 15:34:41 GMT+05:30 2018
3,Mon Apr 09 15:34:42 GMT+05:30 2018
3,Mon Apr 09 15:34:43 GMT+05:30 2018
2,Mon Apr 09 15:34:44 GMT+05:30 2018
2,Mon Apr 09 15:34:45 GMT+05:30 2018
0,Mon Apr 09 15:34:46 GMT+05:30 2018
3,Mon Apr 09 15:34:47 GMT+05:30 2018
1,Mon Apr 09 15:34:48 GMT+05:30 2018
1,Mon Apr 09 15:34:49 GMT+05:30 2018
1,Mon Apr 09 15:34:50 GMT+05:30 2018
1,Mon Apr 09 15:34:51 GMT+05:30 2018
2,Mon Apr 09 15:34:52 GMT+05:30 2018
2,Mon Apr 09 15:34:53 GMT+05:30 2018
0,Mon Apr 09 15:34:54 GMT+05:30 2018
2,Mon Apr 09 15:34:55 GMT+05:30 2018
4,Mon Apr 09 15:34:56 GMT+05:30 2018
0,Mon Apr 09 15:34:57 GMT+05:30 2018
2,Mon Apr 09 15:34:58 GMT+05:30 2018
1,Mon Apr 09 15:34:59 GMT+05:30 2018
2,Mon Apr 09 15:35:00 GMT+05:30 2018
0,Mon Apr 09 15:35:01 GMT+05:30 2018
2,Mon Apr 09 15:35:02 GMT+05:30 2018
0,Mon Apr 09 15:35:03 GMT+05:30 2018
0,Mon Apr 09 15:35:04 GMT+05:30 2018
1,Mon Apr 09 15:35:05 GMT+05:30 2018
2,Mon Apr 09 15:35:06 GMT+05:30 2018
1,Mon Apr 09 15:35:07 GMT+05:30 2018
1,Mon Apr 09 15:35:08 GMT+05:30 2018
2,Mon Apr 09 15:35:09 GMT+05:30 2018
2,Mon Apr 09 15:35:10 GMT+05:30 2018
2,Mon Apr 09 15:35:11 GMT+05:30 2018
2,Mon Apr 09 15:35:12 GMT+05:30 2018
1,Mon Apr 09 15:35:13 GMT+05:30 2018
2,Mon Apr 09 15:35:14 GMT+05:30 2018
2,Mon Apr 09 15:35:15 GMT+05:30 2018
2,Mon Apr 09 15:35:16 GMT+05:30 2018
2,Mon Apr 09 15:35:17 GMT+05:30 2018
0,Mon Apr 09 15:35:18 GMT+05:30 2018
1,Mon Apr 09 15:35:19 GMT+05:30 2018
0,Mon Apr 09 15:35:20 GMT+05:30 2018
2,Mon Apr 09 15:35:21 GMT+05:30 2018
0,Mon Apr 09 15:35:22 GMT+05:30 2018
0,Mon Apr 09 15:35:23 GMT+05:30 2018
0,Mon Apr 09 15:35:24 GMT+05:30 2018
1,Mon Apr 09 15:35:25 GMT+05:30 2018
0,Mon Apr 09 15:35:26 GMT+05:30 2018
1,Mon Apr 09 15:35:27 GMT+05:30 2018
2,Mon Apr 09 15:35:28 GMT+05:30 2018
1,Mon Apr 09 15:35:29 GMT+05:30 2018
1,Mon Apr 09 15:35:30 GMT+05:30 2018
2,Mon Apr 09 15:35:31 GMT+05:30 2018
1,Mon Apr 09 15:35:32 GMT+05:30 2018
1,Mon Apr 09 15:35:33 GMT+05:30 2018
2,Mon Apr 09 15:35:34 GMT+05:30 2018
0,Mon Apr 09 15:35:35 GMT+05:30 2018
0,Mon Apr 09 15:35:36 GMT+05:30 2018
2,Mon Apr 09 15:35:37 GMT+05:30 2018
2,Mon Apr 09 15:35:38 GMT+05:30 2018
1,Mon Apr 09 15:35:39 GMT+05:30 2018
2,Mon Apr 09 15:35:40 GMT+05:30 2018
1,Mon Apr 09 15:35:41 GMT+05:30 2018
4,Mon Apr 09 15:35:42 GMT+05:30 2018
2,Mon Apr 09 15:35:43 GMT+05:30 2018
2,Mon Apr 09 15:35:44 GMT+05:30 2018
1,Mon Apr 09 15:35:45 GMT+05:30 2018
0,Mon Apr 09 15:35:46 GMT+05:30 2018
1,Mon Apr 09 15:35:47 GMT+05:30 2018
1,Mon Apr 09 15:35:48 GMT+05:30 2018
3,Mon Apr 09 15:35:49 GMT+05:30 2018
2,Mon Apr 09 15:35:50 GMT+05:30 2018
2,Mon Apr 09 15:35:51 GMT+05:30 2018
2,Mon Apr 09 15:35:52 GMT+05:30 2018
1,Mon Apr 09 15:35:53 GMT+05:30 2018
2,Mon Apr 09 15:35:54 GMT+05:30 2018
4,Mon Apr 09 15:35:55 GMT+05:30 2018
4,Mon Apr 09 15:35:56 GMT+05:30 2018
1,Mon Apr 09 15:35:57 GMT+05:30 2018
1,Mon Apr 09 15:35:58 GMT+05:30 2018
1,Mon Apr 09 15:35:59 GMT+05:30 2018
1,Mon Apr 09 15:36:00 GMT+05:30 2018
1,Mon Apr 09 15:36:01 GMT+05:30 2018
3,Mon Apr 09 15:36:02 GMT+05:30 2018
2,Mon Apr 09 15:36:03 GMT+05:30 2018
3,Mon Apr 09 15:36:04 GMT+05:30 2018
4,Mon Apr 09 15:36:05 GMT+05:30 2018
4,Mon Apr 09 15:36:06 GMT+05:30 2018
1,Mon Apr 09 15:36:07 GMT+05:30 2018
1,Mon Apr 09 15:36:08 GMT+05:30 2018
3,Mon Apr 09 15:36:09 GMT+05:30 2018
1,Mon Apr 09 15:36:10 GMT+05:30 2018
3,Mon Apr 09 15:36:11 GMT+05:30 2018
1,Mon Apr 09 15:36:12 GMT+05:30 2018
0,Mon Apr 09 15:36:13 GMT+05:30 2018
1,Mon Apr 09 15:36:14 GMT+05:30 2018
1,Mon Apr 09 15:36:15 GMT+05:30 2018
2,Mon Apr 09 15:36:16 GMT+05:30 2018
4,Mon Apr 09 15:36:17 GMT+05:30 2018
2,Mon Apr 09 15:36:18 GMT+05:30 2018
0,Mon Apr 09 15:36:19 GMT+05:30 2018
1,Mon Apr 09 15:36:20 GMT+05:30 2018
4,Mon Apr 09 15:36:21 GMT+05:30 2018
4,Mon Apr 09 15:36:22 GMT+05:30 2018
3,Mon Apr 09 15:36:23 GMT+05:30 2018
1,Mon Apr 09 15:36:24 GMT+05:30 2018
1,Mon Apr 09 15:36:25 GMT+05:30 2018
3,Mon Apr 09 15:36:26 GMT+05:30 2018
1,Mon Apr 09 15:36:27 GMT+05:30 2018
0,Mon Apr 09 15:36:28 GMT+05:30 2018
1,Mon Apr 09 15:36:29 GMT+05:30 2018
2,Mon Apr 09 15:36:30 GMT+05:30 2018
1,Mon Apr 09 15:36:31 GMT+05:30 2018
4,Mon Apr 09 15:36:32 GMT+05:30 2018
0,Mon Apr 09 15:36:33 GMT+05:30 2018
1,Mon Apr 09 15:36:34 GMT+05:30 2018
1,Mon Apr 09 15:36:35 GMT+05:30 2018
0,Mon Apr 09 15:36:36 GMT+05:30 2018
3,Mon Apr 09 15:36:37 GMT+05:30 2018
3,Mon Apr 09 15:36:38 GMT+05:30 2018
3,Mon Apr 09 15:36:39 GMT+05:30 2018
4,Mon Apr 09 15:36:40 GMT+05:30 2018
1,Mon Apr 09 15:36:41 GMT+05:30 2018
1,Mon Apr 09 15:36:42 GMT+05:30 2018
3,Mon Apr 09 15:36:43 GMT+05:30 2018
3,Mon Apr 09 15:36:44 GMT+05:30 2018
1,Mon Apr 09 15:36:45 GMT+05:30 2018
1,Mon Apr 09 15:36:46 GMT+05:30 2018
1,Mon Apr 09 15:36:47 GMT+05:30 2018
3,Mon Apr 09 15:36:48 GMT+05:30 2018
1,Mon Apr 09 15:36:49 GMT+05:30 2018
1,Mon Apr 09 15:36:50 GMT+05:30 2018
1,Mon Apr 09 15:36:51 GMT+05:30 2018
0,Mon Apr 09 15:36:52 GMT+05:30 2018
1,Mon Apr 09 15:36:53 GMT+05:30 2018
1,Mon Apr 09 15:36:54 GMT+05:30 2018
1,Mon Apr 09 15:36:55 GMT+05:30 2018
2,Mon Apr 09 15:36:56 GMT+05:30 2018
2,Mon Apr 09 15:36:57 GMT+05:30 2018
0,Mon Apr 09 15:36:58 GMT+05:30 2018
0,Mon Apr 09 15:36:59 GMT+05:30 2018
0,Mon Apr 09 15:37:00 GMT+05:30 2018
0,Mon Apr 09 15:37:01 GMT+05:30 2018
2,Mon Apr 09 15:37:02 GMT+05:30 2018
1,Mon Apr 09 15:37:03 GMT+05:30 2018
3,Mon Apr 09 15:37:04 GMT+05:30 2018
1,Mon Apr 09 15:37:05 GMT+05:30 2018
1,Mon Apr 09 15:37:06 GMT+05:30 2018
2,Mon Apr 09 15:37:07 GMT+05:30 2018
0,Mon Apr 09 15:37:08 GMT+05:30 2018
4,Mon Apr 09 15:37:09 GMT+05:30 2018
1,Mon Apr 09 15:37:10 GMT+05:30 2018
2,Mon Apr 09 15:37:11 GMT+05:30 2018
1,Mon Apr 09 15:37:12 GMT+05:30 2018
3,Mon Apr 09 15:37:13 GMT+05:30 2018
0,Mon Apr 09 15:37:14 GMT+05:30 2018
4,Mon Apr 09 15:37:15 GMT+05:30 2018
4,Mon Apr 09 15:37:16 GMT+05:30 2018
1,Mon Apr 09 15:37:17 GMT+05:30 2018
3,Mon Apr 09 15:37:18 GMT+05:30 2018
4,Mon Apr 09 15:37:19 GMT+05:30 2018
0,Mon Apr 09 15:37:20 GMT+05:30 2018
1,Mon Apr 09 15:37:21 GMT+05:30 2018
4,Mon Apr 09 15:37:22 GMT+05:30 2018
0,Mon Apr 09 15:37:23 GMT+05:30 2018
1,Mon Apr 09 15:37:24 GMT+05:30 2018
2,Mon Apr 09 15:37:25 GMT+05:30 2018
0,Mon Apr 09 15:37:26 GMT+05:30 2018
1,Mon Apr 09 15:37:27 GMT+05:30 2018
1,Mon Apr 09 15:37:28 GMT+05:30 2018
3,Mon Apr 09 15:37:29 GMT+05:30 2018
0,Mon Apr 09 15:37:30 GMT+05:30 2018
1,Mon Apr 09 15:37:31 GMT+05:30 2018
4,Mon Apr 09 15:37:32 GMT+05:30 2018
3,Mon Apr 09 15:37:33 GMT+05:30 2018
1,Mon Apr 09 15:37:34 GMT+05:30 2018
1,Mon Apr 09 15:37:35 GMT+05:30 2018
0,Mon Apr 09 15:37:36 GMT+05:30 2018
2,Mon Apr 09 15:37:37 GMT+05:30 2018
1,Mon Apr 09 15:37:38 GMT+05:30 2018
3,Mon Apr 09 15:37:39 GMT+05:30 2018
4,Mon Apr 09 15:37:40 GMT+05:30 2018
1,Mon Apr 09 15:37:41 GMT+05:30 2018
1,Mon Apr 09 15:37:42 GMT+05:30 2018
1,Mon Apr 09 15:37:43 GMT+05:30 2018
1,Mon Apr 09 15:37:44 GMT+05:30 2018
1,Mon Apr 09 15:37:45 GMT+05:30 2018
1,Mon Apr 09 15:37:46 GMT+05:30 2018
2,Mon Apr 09 15:37:47 GMT+05:30 2018
2,Mon Apr 09 15:37:48 GMT+05:30 2018
1,Mon Apr 09 15:37:49 GMT+05:30 2018
2,Mon Apr 09 15:37:50 GMT+05:30 2018
1,Mon Apr 09 15:37:51 GMT+05:30 2018
1,Mon Apr 09 15:37:52 GMT+05:30 2018
0,Mon Apr 09 15:37:53 GMT+05:30 2018
4,Mon Apr 09 15:37:54 GMT+05:30 2018
2,Mon Apr 09 15:37:55 GMT+05:30 2018
1,Mon Apr 09 15:37:56 GMT+05:30 2018
0,Mon Apr 09 15:37:57 GMT+05:30 2018
2,Mon Apr 09 15:37:58 GMT+05:30 2018
2,Mon Apr 09 15:37:59 GMT+05:30 2018
2,Mon Apr 09 15:38:00 GMT+05:30 2018
3,Mon Apr 09 15:38:01 GMT+05:30 2018
1,Mon Apr 09 15:38:02 GMT+05:30 2018
1,Mon Apr 09 15:38:03 GMT+05:30 2018
4,Mon Apr 09 15:38:04 GMT+05:30 2018
1,Mon Apr 09 15:38:05 GMT+05:30 2018
4,Mon Apr 09 15:38:06 GMT+05:30 2018
4,Mon Apr 09 15:38:07 GMT+05:30 2018
2,Mon Apr 09 15:38:08 GMT+05:30 2018
4,Mon Apr 09 15:38:09 GMT+05:30 2018
1,Mon Apr 09 15:38:10 GMT+05:30 2018
4,Mon Apr 09 15:38:11 GMT+05:30 2018
4,Mon Apr 09 15:38:12 GMT+05:30 2018
4,Mon Apr 09 15:38:13 GMT+05:30 2018
4,Mon Apr 09 15:38:14 GMT+05:30 2018
4,Mon Apr 09 15:38:15 GMT+05:30 2018
1,Mon Apr 09 15:38:16 GMT+05:30 2018
1,Mon Apr 09 15:38:17 GMT+05:30 2018
1,Mon Apr 09 15:38:18 GMT+05:30 2018
1,Mon Apr 09 15:38:19 GMT+05:30 2018
0,Mon Apr 09 15:38:20 GMT+05:30 2018
1,Mon Apr 09 15:38:21 GMT+05:30 2018
2,Mon Apr 09 15:38:22 GMT+05:30 2018
2,Mon Apr 09 15:38:23 GMT+05:30 2018
0,Mon Apr 09 15:38:24 GMT+05:30 2018
0,Mon Apr 09 15:38:25 GMT+05:30 2018
0,Mon Apr 09 15:38:26 GMT+05:30 2018
0,Mon Apr 09 15:38:27 GMT+05:30 2018
4,Mon Apr 09 15:38:28 GMT+05:30 2018
4,Mon Apr 09 15:38:29 GMT+05:30 2018
1,Mon Apr 09 15:38:30 GMT+05:30 2018
2,Mon Apr 09 15:38:31 GMT+05:30 2018
1,Mon Apr 09 15:38:32 GMT+05:30 2018
2,Mon Apr 09 15:38:33 GMT+05:30 2018
1,Mon Apr 09 15:38:34 GMT+05:30 2018
1,Mon Apr 09 15:38:35 GMT+05:30 2018
1,Mon Apr 09 15:38:36 GMT+05:30 2018
0,Mon Apr 09 15:38:37 GMT+05:30 2018
2,Mon Apr 09 15:38:38 GMT+05:30 2018
2,Mon Apr 09 15:38:39 GMT+05:30 2018
2,Mon Apr 09 15:38:40 GMT+05:30 2018
2,Mon Apr 09 15:38:41 GMT+05:30 2018
2,Mon Apr 09 15:38:42 GMT+05:30 2018
3,Mon Apr 09 15:38:43 GMT+05:30 2018
4,Mon Apr 09 15:38:44 GMT+05:30 2018
2,Mon Apr 09 15:38:45 GMT+05:30 2018
2,Mon Apr 09 15:38:46 GMT+05:30 2018
1,Mon Apr 09 15:38:47 GMT+05:30 2018
1,Mon Apr 09 15:38:48 GMT+05:30 2018
1,Mon Apr 09 15:38:49 GMT+05:30 2018
4,Mon Apr 09 15:38:50 GMT+05:30 2018
4,Mon Apr 09 15:38:51 GMT+05:30 2018
1,Mon Apr 09 15:38:52 GMT+05:30 2018
1,Mon Apr 09 15:38:53 GMT+05:30 2018
0,Mon Apr 09 15:38:54 GMT+05:30 2018
4,Mon Apr 09 15:38:55 GMT+05:30 2018
1,Mon Apr 09 15:38:56 GMT+05:30 2018
2,Mon Apr 09 15:38:57 GMT+05:30 2018
1,Mon Apr 09 15:38:58 GMT+05:30 2018
0,Mon Apr 09 15:38:59 GMT+05:30 2018
4,Mon Apr 09 15:39:00 GMT+05:30 2018
4,Mon Apr 09 15:39:01 GMT+05:30 2018
1,Mon Apr 09 15:39:02 GMT+05:30 2018
1,Mon Apr 09 15:39:03 GMT+05:30 2018
3,Mon Apr 09 15:39:04 GMT+05:30 2018
0,Mon Apr 09 15:39:05 GMT+05:30 2018
2,Mon Apr 09 15:39:06 GMT+05:30 2018
2,Mon Apr 09 15:39:07 GMT+05:30 2018
2,Mon Apr 09 15:39:08 GMT+05:30 2018
2,Mon Apr 09 15:39:09 GMT+05:30 2018
2,Mon Apr 09 15:39:10 GMT+05:30 2018
2,Mon Apr 09 15:39:11 GMT+05:30 2018
2,Mon Apr 09 15:39:12 GMT+05:30 2018
3,Mon Apr 09 15:39:13 GMT+05:30 2018
2,Mon Apr 09 15:39:14 GMT+05:30 2018
2,Mon Apr 09 15:39:15 GMT+05:30 2018
2,Mon Apr 09 15:39:16 GMT+05:30 2018
2,Mon Apr 09 15:39:17 GMT+05:30 2018
2,Mon Apr 09 15:39:18 GMT+05:30 2018
2,Mon Apr 09 15:39:19 GMT+05:30 2018
2,Mon Apr 09 15:39:20 GMT+05:30 2018
2,Mon Apr 09 15:39:21 GMT+05:30 2018
2,Mon Apr 09 15:39:22 GMT+05:30 2018
2,Mon Apr 09 15:39:23 GMT+05:30 2018
4,Mon Apr 09 15:39:24 GMT+05:30 2018
1,Mon Apr 09 15:39:25 GMT+05:30 2018
1,Mon Apr 09 15:39:26 GMT+05:30 2018
1,Mon Apr 09 15:39:27 GMT+05:30 2018
1,Mon Apr 09 15:39:28 GMT+05:30 2018
2,Mon Apr 09 15:39:29 GMT+05:30 2018
2,Mon Apr 09 15:39:30 GMT+05:30 2018
2,Mon Apr 09 15:39:31 GMT+05:30 2018
4,Mon Apr 09 15:39:32 GMT+05:30 2018
1,Mon Apr 09 15:39:33 GMT+05:30 2018
1,Mon Apr 09 15:39:34 GMT+05:30 2018
1,Mon Apr 09 15:39:35 GMT+05:30 2018
2,Mon Apr 09 15:39:36 GMT+05:30 2018
2,Mon Apr 09 15:39:37 GMT+05:30 2018
2,Mon Apr 09 15:39:38 GMT+05:30 2018
1,Mon Apr 09 15:39:39 GMT+05:30 2018
0,Mon Apr 09 15:39:40 GMT+05:30 2018
0,Mon Apr 09 15:39:41 GMT+05:30 2018
1,Mon Apr 09 15:39:42 GMT+05:30 2018
1,Mon Apr 09 15:39:43 GMT+05:30 2018
2,Mon Apr 09 15:39:44 GMT+05:30 2018
4,Mon Apr 09 15:39:45 GMT+05:30 2018
1,Mon Apr 09 15:39:46 GMT+05:30 2018
1,Mon Apr 09 15:39:47 GMT+05:30 2018
0,Mon Apr 09 15:39:48 GMT+05:30 2018
0,Mon Apr 09 15:39:49 GMT+05:30 2018
1,Mon Apr 09 15:39:50 GMT+05:30 2018
4,Mon Apr 09 15:39:51 GMT+05:30 2018
0,Mon Apr 09 15:39:52 GMT+05:30 2018
1,Mon Apr 09 15:39:53 GMT+05:30 2018
2,Mon Apr 09 15:39:54 GMT+05:30 2018
1,Mon Apr 09 15:39:55 GMT+05:30 2018
1,Mon Apr 09 15:39:56 GMT+05:30 2018
3,Mon Apr 09 15:39:57 GMT+05:30 2018
4,Mon Apr 09 15:39:58 GMT+05:30 2018
4,Mon Apr 09 15:39:59 GMT+05:30 2018
4,Mon Apr 09 15:40:00 GMT+05:30 2018
1,Mon Apr 09 15:40:01 GMT+05:30 2018
4,Mon Apr 09 15:40:02 GMT+05:30 2018
3,Mon Apr 09 15:40:03 GMT+05:30 2018
1,Mon Apr 09 15:40:04 GMT+05:30 2018
1,Mon Apr 09 15:40:05 GMT+05:30 2018
4,Mon Apr 09 15:40:06 GMT+05:30 2018
3,Mon Apr 09 15:40:07 GMT+05:30 2018
1,Mon Apr 09 15:40:08 GMT+05:30 2018
0,Mon Apr 09 15:40:09 GMT+05:30 2018
2,Mon Apr 09 15:40:10 GMT+05:30 2018
2,Mon Apr 09 15:40:11 GMT+05:30 2018
0,Mon Apr 09 15:40:12 GMT+05:30 2018
0,Mon Apr 09 15:40:13 GMT+05:30 2018
1,Mon Apr 09 15:40:14 GMT+05:30 2018
2,Mon Apr 09 15:40:15 GMT+05:30 2018
0,Mon Apr 09 15:40:16 GMT+05:30 2018
0,Mon Apr 09 15:40:17 GMT+05:30 2018
0,Mon Apr 09 15:40:18 GMT+05:30 2018
2,Mon Apr 09 15:40:19 GMT+05:30 2018
4,Mon Apr 09 15:40:20 GMT+05:30 2018
4,Mon Apr 09 15:40:21 GMT+05:30 2018
1,Mon Apr 09 15:40:22 GMT+05:30 2018
0,Mon Apr 09 15:40:23 GMT+05:30 2018
1,Mon Apr 09 15:40:24 GMT+05:30 2018
4,Mon Apr 09 15:40:25 GMT+05:30 2018
4,Mon Apr 09 15:40:26 GMT+05:30 2018
4,Mon Apr 09 15:40:27 GMT+05:30 2018
0,Mon Apr 09 15:40:28 GMT+05:30 2018
1,Mon Apr 09 15:40:29 GMT+05:30 2018
4,Mon Apr 09 15:40:30 GMT+05:30 2018
1,Mon Apr 09 15:40:31 GMT+05:30 2018
1,Mon Apr 09 15:40:32 GMT+05:30 2018
1,Mon Apr 09 15:40:33 GMT+05:30 2018
0,Mon Apr 09 15:40:34 GMT+05:30 2018
4,Mon Apr 09 15:40:35 GMT+05:30 2018
0,Mon Apr 09 15:40:36 GMT+05:30 2018
1,Mon Apr 09 15:40:37 GMT+05:30 2018
1,Mon Apr 09 15:40:38 GMT+05:30 2018
2,Mon Apr 09 15:40:39 GMT+05:30 2018
4,Mon Apr 09 15:40:40 GMT+05:30 2018
4,Mon Apr 09 15:40:41 GMT+05:30 2018
2,Mon Apr 09 15:40:42 GMT+05:30 2018
4,Mon Apr 09 15:40:43 GMT+05:30 2018
1,Mon Apr 09 15:40:44 GMT+05:30 2018
2,Mon Apr 09 15:40:45 GMT+05:30 2018
4,Mon Apr 09 15:40:46 GMT+05:30 2018
1,Mon Apr 09 15:40:47 GMT+05:30 2018
1,Mon Apr 09 15:40:48 GMT+05:30 2018
3,Mon Apr 09 15:40:49 GMT+05:30 2018
3,Mon Apr 09 15:40:50 GMT+05:30 2018
1,Mon Apr 09 15:40:51 GMT+05:30 2018
1,Mon Apr 09 15:40:52 GMT+05:30 2018
4,Mon Apr 09 15:40:53 GMT+05:30 2018
2,Mon Apr 09 15:40:54 GMT+05:30 2018
1,Mon Apr 09 15:40:55 GMT+05:30 2018
4,Mon Apr 09 15:40:56 GMT+05:30 2018
4,Mon Apr 09 15:40:57 GMT+05:30 2018
4,Mon Apr 09 15:40:58 GMT+05:30 2018
1,Mon Apr 09 15:40:59 GMT+05:30 2018
4,Mon Apr 09 15:41:00 GMT+05:30 2018
0,Mon Apr 09 15:41:01 GMT+05:30 2018
2,Mon Apr 09 15:41:02 GMT+05:30 2018
1,Mon Apr 09 15:41:03 GMT+05:30 2018
2,Mon Apr 09 15:41:04 GMT+05:30 2018
4,Mon Apr 09 15:41:05 GMT+05:30 2018
0,Mon Apr 09 15:41:06 GMT+05:30 2018
1,Mon Apr 09 15:41:07 GMT+05:30 2018
0,Mon Apr 09 15:41:08 GMT+05:30 2018
1,Mon Apr 09 15:41:09 GMT+05:30 2018
0,Mon Apr 09 15:41:10 GMT+05:30 2018
0,Mon Apr 09 15:41:11 GMT+05:30 2018
1,Mon Apr 09 15:41:12 GMT+05:30 2018
1,Mon Apr 09 15:41:13 GMT+05:30 2018
4,Mon Apr 09 15:41:14 GMT+05:30 2018
1,Mon Apr 09 15:41:15 GMT+05:30 2018
4,Mon Apr 09 15:41:16 GMT+05:30 2018
2,Mon Apr 09 15:41:17 GMT+05:30 2018
4,Mon Apr 09 15:41:18 GMT+05:30 2018
4,Mon Apr 09 15:41:19 GMT+05:30 2018
1,Mon Apr 09 15:41:20 GMT+05:30 2018
4,Mon Apr 09 15:41:21 GMT+05:30 2018
4,Mon Apr 09 15:41:22 GMT+05:30 2018
2,Mon Apr 09 15:41:23 GMT+05:30 2018
4,Mon Apr 09 15:41:24 GMT+05:30 2018
0,Mon Apr 09 15:41:25 GMT+05:30 2018
0,Mon Apr 09 15:41:26 GMT+05:30 2018
4,Mon Apr 09 15:41:27 GMT+05:30 2018
4,Mon Apr 09 15:41:28 GMT+05:30 2018
1,Mon Apr 09 15:41:29 GMT+05:30 2018
1,Mon Apr 09 15:41:30 GMT+05:30 2018
2,Mon Apr 09 15:41:31 GMT+05:30 2018
2,Mon Apr 09 15:41:32 GMT+05:30 2018
1,Mon Apr 09 15:41:33 GMT+05:30 2018
1,Mon Apr 09 15:41:34 GMT+05:30 2018
2,Mon Apr 09 15:41:35 GMT+05:30 2018
0,Mon Apr 09 15:41:36 GMT+05:30 2018
2,Mon Apr 09 15:41:37 GMT+05:30 2018
2,Mon Apr 09 15:41:38 GMT+05:30 2018
0,Mon Apr 09 15:41:39 GMT+05:30 2018
4,Mon Apr 09 15:41:40 GMT+05:30 2018
4,Mon Apr 09 15:41:41 GMT+05:30 2018
0,Mon Apr 09 15:41:42 GMT+05:30 2018
1,Mon Apr 09 15:41:43 GMT+05:30 2018
4,Mon Apr 09 15:41:44 GMT+05:30 2018
1,Mon Apr 09 15:41:45 GMT+05:30 2018
1,Mon Apr 09 15:41:46 GMT+05:30 2018
4,Mon Apr 09 15:41:47 GMT+05:30 2018
2,Mon Apr 09 15:41:48 GMT+05:30 2018
0,Mon Apr 09 15:41:49 GMT+05:30 2018
2,Mon Apr 09 15:41:50 GMT+05:30 2018
0,Mon Apr 09 15:41:51 GMT+05:30 2018
0,Mon Apr 09 15:41:52 GMT+05:30 2018
2,Mon Apr 09 15:41:53 GMT+05:30 2018
3,Mon Apr 09 15:41:54 GMT+05:30 2018
4,Mon Apr 09 15:41:55 GMT+05:30 2018
4,Mon Apr 09 15:41:56 GMT+05:30 2018
4,Mon Apr 09 15:41:57 GMT+05:30 2018
1,Mon Apr 09 15:41:58 GMT+05:30 2018
1,Mon Apr 09 15:41:59 GMT+05:30 2018
2,Mon Apr 09 15:42:00 GMT+05:30 2018
2,Mon Apr 09 15:42:01 GMT+05:30 2018
1,Mon Apr 09 15:42:02 GMT+05:30 2018
0,Mon Apr 09 15:42:03 GMT+05:30 2018
1,Mon Apr 09 15:42:04 GMT+05:30 2018
1,Mon Apr 09 15:42:05 GMT+05:30 2018
3,Mon Apr 09 15:42:06 GMT+05:30 2018
3,Mon Apr 09 15:42:07 GMT+05:30 2018
4,Mon Apr 09 15:42:08 GMT+05:30 2018
1,Mon Apr 09 15:42:09 GMT+05:30 2018
4,Mon Apr 09 15:42:10 GMT+05:30 2018
0,Mon Apr 09 15:42:11 GMT+05:30 2018
4,Mon Apr 09 15:42:12 GMT+05:30 2018
1,Mon Apr 09 15:42:13 GMT+05:30 2018
2,Mon Apr 09 15:42:14 GMT+05:30 2018
1,Mon Apr 09 15:42:15 GMT+05:30 2018
3,Mon Apr 09 15:42:16 GMT+05:30 2018
1,Mon Apr 09 15:42:17 GMT+05:30 2018
1,Mon Apr 09 15:42:18 GMT+05:30 2018
1,Mon Apr 09 15:42:19 GMT+05:30 2018
0,Mon Apr 09 15:42:20 GMT+05:30 2018
2,Mon Apr 09 15:42:21 GMT+05:30 2018
1,Mon Apr 09 15:42:22 GMT+05:30 2018
4,Mon Apr 09 15:42:23 GMT+05:30 2018
1,Mon Apr 09 15:42:24 GMT+05:30 2018
1,Mon Apr 09 15:42:25 GMT+05:30 2018
2,Mon Apr 09 15:42:26 GMT+05:30 2018
4,Mon Apr 09 15:42:27 GMT+05:30 2018
1,Mon Apr 09 15:42:28 GMT+05:30 2018
2,Mon Apr 09 15:42:29 GMT+05:30 2018
2,Mon Apr 09 15:42:30 GMT+05:30 2018
2,Mon Apr 09 15:59:31 GMT+05:30 2018
3,Mon Apr 09 15:59:32 GMT+05:30 2018
1,Mon Apr 09 15:59:33 GMT+05:30 2018
0,Mon Apr 09 15:59:35 GMT+05:30 2018
0,Mon Apr 09 15:59:36 GMT+05:30 2018
0,Mon Apr 09 15:59:37 GMT+05:30 2018
0,Mon Apr 09 15:59:38 GMT+05:30 2018
2,Mon Apr 09 15:59:39 GMT+05:30 2018
0,Mon Apr 09 15:59:40 GMT+05:30 2018
4,Mon Apr 09 15:59:41 GMT+05:30 2018
2,Mon Apr 09 15:59:42 GMT+05:30 2018
1,Mon Apr 09 15:59:43 GMT+05:30 2018
2,Mon Apr 09 15:59:44 GMT+05:30 2018
3,Mon Apr 09 15:59:45 GMT+05:30 2018
3,Mon Apr 09 15:59:46 GMT+05:30 2018
3,Mon Apr 09 15:59:47 GMT+05:30 2018
2,Mon Apr 09 15:59:48 GMT+05:30 2018
1,Mon Apr 09 15:59:49 GMT+05:30 2018
0,Mon Apr 09 15:59:50 GMT+05:30 2018
1,Mon Apr 09 15:59:51 GMT+05:30 2018
1,Mon Apr 09 15:59:52 GMT+05:30 2018
1,Mon Apr 09 15:59:53 GMT+05:30 2018
1,Mon Apr 09 15:59:54 GMT+05:30 2018
1,Mon Apr 09 15:59:55 GMT+05:30 2018
1,Mon Apr 09 15:59:56 GMT+05:30 2018
2,Mon Apr 09 15:59:57 GMT+05:30 2018
1,Mon Apr 09 15:59:58 GMT+05:30 2018
0,Mon Apr 09 15:59:59 GMT+05:30 2018
1,Mon Apr 09 16:00:00 GMT+05:30 2018
3,Mon Apr 09 16:00:01 GMT+05:30 2018
1,Mon Apr 09 16:00:02 GMT+05:30 2018
0,Mon Apr 09 16:00:03 GMT+05:30 2018
1,Mon Apr 09 16:00:04 GMT+05:30 2018
1,Mon Apr 09 16:00:05 GMT+05:30 2018
1,Mon Apr 09 16:00:06 GMT+05:30 2018
1,Mon Apr 09 16:00:07 GMT+05:30 2018
1,Mon Apr 09 16:00:08 GMT+05:30 2018
0,Mon Apr 09 16:00:09 GMT+05:30 2018
3,Mon Apr 09 16:00:10 GMT+05:30 2018
1,Mon Apr 09 16:00:11 GMT+05:30 2018
4,Mon Apr 09 16:00:12 GMT+05:30 2018
3,Mon Apr 09 16:00:13 GMT+05:30 2018
2,Mon Apr 09 16:00:14 GMT+05:30 2018
1,Mon Apr 09 16:00:15 GMT+05:30 2018
2,Mon Apr 09 16:00:16 GMT+05:30 2018
2,Mon Apr 09 16:00:17 GMT+05:30 2018
0,Mon Apr 09 16:00:18 GMT+05:30 2018
4,Mon Apr 09 16:00:19 GMT+05:30 2018
1,Mon Apr 09 16:00:20 GMT+05:30 2018
2,Mon Apr 09 16:00:21 GMT+05:30 2018
4,Mon Apr 09 16:00:22 GMT+05:30 2018
1,Mon Apr 09 16:00:23 GMT+05:30 2018
0,Mon Apr 09 16:00:24 GMT+05:30 2018
2,Mon Apr 09 16:00:25 GMT+05:30 2018
4,Mon Apr 09 16:00:26 GMT+05:30 2018
1,Mon Apr 09 16:00:27 GMT+05:30 2018
1,Mon Apr 09 16:00:28 GMT+05:30 2018
0,Mon Apr 09 16:00:29 GMT+05:30 2018
1,Mon Apr 09 16:00:30 GMT+05:30 2018
4,Mon Apr 09 16:00:31 GMT+05:30 2018
3,Mon Apr 09 16:00:32 GMT+05:30 2018
1,Mon Apr 09 16:00:33 GMT+05:30 2018
2,Mon Apr 09 16:00:34 GMT+05:30 2018
2,Mon Apr 09 16:00:35 GMT+05:30 2018
1,Mon Apr 09 16:00:36 GMT+05:30 2018
1,Mon Apr 09 16:00:37 GMT+05:30 2018
1,Mon Apr 09 16:00:38 GMT+05:30 2018
0,Mon Apr 09 16:00:39 GMT+05:30 2018
3,Mon Apr 09 16:00:40 GMT+05:30 2018
1,Mon Apr 09 16:00:41 GMT+05:30 2018
2,Mon Apr 09 16:00:42 GMT+05:30 2018
4,Mon Apr 09 16:00:43 GMT+05:30 2018
4,Mon Apr 09 16:00:44 GMT+05:30 2018
2,Mon Apr 09 16:00:45 GMT+05:30 2018
2,Mon Apr 09 16:00:46 GMT+05:30 2018
1,Mon Apr 09 16:00:47 GMT+05:30 2018
4,Mon Apr 09 16:00:48 GMT+05:30 2018
0,Mon Apr 09 16:00:49 GMT+05:30 2018
2,Mon Apr 09 16:00:50 GMT+05:30 2018
1,Mon Apr 09 16:00:51 GMT+05:30 2018
1,Mon Apr 09 16:00:52 GMT+05:30 2018
1,Mon Apr 09 16:00:53 GMT+05:30 2018
2,Mon Apr 09 16:00:54 GMT+05:30 2018
1,Mon Apr 09 16:00:55 GMT+05:30 2018
4,Mon Apr 09 16:00:56 GMT+05:30 2018
1,Mon Apr 09 16:00:57 GMT+05:30 2018
2,Mon Apr 09 16:00:58 GMT+05:30 2018
1,Mon Apr 09 16:00:59 GMT+05:30 2018
2,Mon Apr 09 16:01:00 GMT+05:30 2018
2,Mon Apr 09 16:01:01 GMT+05:30 2018
1,Mon Apr 09 16:01:02 GMT+05:30 2018
1,Mon Apr 09 16:01:03 GMT+05:30 2018
1,Mon Apr 09 16:01:04 GMT+05:30 2018
1,Mon Apr 09 16:01:05 GMT+05:30 2018
1,Mon Apr 09 16:01:06 GMT+05:30 2018
0,Mon Apr 09 16:01:07 GMT+05:30 2018
1,Mon Apr 09 16:01:08 GMT+05:30 2018
0,Mon Apr 09 16:01:09 GMT+05:30 2018
1,Mon Apr 09 16:01:10 GMT+05:30 2018
0,Mon Apr 09 16:01:11 GMT+05:30 2018
1,Mon Apr 09 16:01:12 GMT+05:30 2018
2,Mon Apr 09 16:01:13 GMT+05:30 2018
2,Mon Apr 09 16:01:14 GMT+05:30 2018
1,Mon Apr 09 16:01:15 GMT+05:30 2018
2,Mon Apr 09 16:01:16 GMT+05:30 2018
1,Mon Apr 09 16:01:17 GMT+05:30 2018
2,Mon Apr 09 16:01:18 GMT+05:30 2018
2,Mon Apr 09 16:01:19 GMT+05:30 2018
2,Mon Apr 09 16:01:20 GMT+05:30 2018
2,Mon Apr 09 16:01:21 GMT+05:30 2018
2,Mon Apr 09 16:01:22 GMT+05:30 2018
2,Mon Apr 09 16:01:23 GMT+05:30 2018
2,Mon Apr 09 16:01:24 GMT+05:30 2018
2,Mon Apr 09 16:01:25 GMT+05:30 2018
2,Mon Apr 09 16:01:26 GMT+05:30 2018
2,Mon Apr 09 16:01:27 GMT+05:30 2018
2,Mon Apr 09 16:01:28 GMT+05:30 2018
2,Mon Apr 09 16:01:29 GMT+05:30 2018
2,Mon Apr 09 16:01:30 GMT+05:30 2018
2,Mon Apr 09 16:01:31 GMT+05:30 2018
2,Mon Apr 09 16:01:32 GMT+05:30 2018
2,Mon Apr 09 16:01:33 GMT+05:30 2018
0,Mon Apr 09 16:01:34 GMT+05:30 2018
2,Mon Apr 09 16:01:35 GMT+05:30 2018
1,Mon Apr 09 16:01:36 GMT+05:30 2018
4,Mon Apr 09 16:01:37 GMT+05:30 2018
4,Mon Apr 09 16:01:38 GMT+05:30 2018
3,Mon Apr 09 16:01:39 GMT+05:30 2018
1,Mon Apr 09 16:01:40 GMT+05:30 2018
1,Mon Apr 09 16:01:41 GMT+05:30 2018
1,Mon Apr 09 16:01:42 GMT+05:30 2018
1,Mon Apr 09 16:01:43 GMT+05:30 2018
2,Mon Apr 09 16:01:44 GMT+05:30 2018
1,Mon Apr 09 16:01:45 GMT+05:30 2018
0,Mon Apr 09 16:01:46 GMT+05:30 2018
4,Mon Apr 09 16:01:47 GMT+05:30 2018
2,Mon Apr 09 16:01:48 GMT+05:30 2018
1,Mon Apr 09 16:01:49 GMT+05:30 2018
2,Mon Apr 09 16:01:50 GMT+05:30 2018
0,Mon Apr 09 16:01:51 GMT+05:30 2018
1,Mon Apr 09 16:01:52 GMT+05:30 2018
4,Mon Apr 09 16:01:53 GMT+05:30 2018
4,Mon Apr 09 16:01:54 GMT+05:30 2018
1,Mon Apr 09 16:01:55 GMT+05:30 2018
1,Mon Apr 09 16:01:56 GMT+05:30 2018
2,Mon Apr 09 16:01:57 GMT+05:30 2018
0,Mon Apr 09 16:01:58 GMT+05:30 2018
1,Mon Apr 09 16:01:59 GMT+05:30 2018
0,Mon Apr 09 16:02:00 GMT+05:30 2018
1,Mon Apr 09 16:02:01 GMT+05:30 2018
1,Mon Apr 09 16:02:02 GMT+05:30 2018
4,Mon Apr 09 16:02:03 GMT+05:30 2018
2,Mon Apr 09 16:02:04 GMT+05:30 2018
1,Mon Apr 09 16:02:05 GMT+05:30 2018
1,Mon Apr 09 16:02:06 GMT+05:30 2018
1,Mon Apr 09 16:02:07 GMT+05:30 2018
3,Mon Apr 09 16:02:08 GMT+05:30 2018
1,Mon Apr 09 16:02:09 GMT+05:30 2018
4,Mon Apr 09 16:02:10 GMT+05:30 2018
3,Mon Apr 09 16:02:11 GMT+05:30 2018
1,Mon Apr 09 16:02:12 GMT+05:30 2018
3,Mon Apr 09 16:02:13 GMT+05:30 2018
1,Mon Apr 09 16:02:14 GMT+05:30 2018
1,Mon Apr 09 16:02:15 GMT+05:30 2018
4,Mon Apr 09 16:02:16 GMT+05:30 2018
1,Mon Apr 09 16:02:17 GMT+05:30 2018
4,Mon Apr 09 16:02:18 GMT+05:30 2018
1,Mon Apr 09 16:02:19 GMT+05:30 2018
1,Mon Apr 09 16:02:20 GMT+05:30 2018
1,Mon Apr 09 16:02:21 GMT+05:30 2018
2,Mon Apr 09 16:02:22 GMT+05:30 2018
4,Mon Apr 09 16:02:23 GMT+05:30 2018
4,Mon Apr 09 16:02:24 GMT+05:30 2018
4,Mon Apr 09 16:02:25 GMT+05:30 2018
1,Mon Apr 09 16:02:26 GMT+05:30 2018
1,Mon Apr 09 16:02:27 GMT+05:30 2018
4,Mon Apr 09 16:02:28 GMT+05:30 2018
1,Mon Apr 09 16:02:29 GMT+05:30 2018
2,Mon Apr 09 16:02:30 GMT+05:30 2018
1,Mon Apr 09 16:02:31 GMT+05:30 2018
1,Mon Apr 09 16:02:32 GMT+05:30 2018
1,Mon Apr 09 16:02:33 GMT+05:30 2018
0,Mon Apr 09 16:02:34 GMT+05:30 2018
4,Mon Apr 09 16:02:35 GMT+05:30 2018
4,Mon Apr 09 16:02:36 GMT+05:30 2018
4,Mon Apr 09 16:02:37 GMT+05:30 2018
1,Mon Apr 09 16:02:38 GMT+05:30 2018
3,Mon Apr 09 16:02:39 GMT+05:30 2018
1,Mon Apr 09 16:02:40 GMT+05:30 2018
3,Mon Apr 09 16:02:41 GMT+05:30 2018
2,Mon Apr 09 16:02:42 GMT+05:30 2018
1,Mon Apr 09 16:02:43 GMT+05:30 2018
1,Mon Apr 09 16:02:44 GMT+05:30 2018
0,Mon Apr 09 16:02:45 GMT+05:30 2018
2,Mon Apr 09 16:02:46 GMT+05:30 2018
1,Mon Apr 09 16:02:47 GMT+05:30 2018
0,Mon Apr 09 16:02:48 GMT+05:30 2018
1,Mon Apr 09 16:02:49 GMT+05:30 2018
1,Mon Apr 09 16:02:50 GMT+05:30 2018
1,Mon Apr 09 16:02:51 GMT+05:30 2018
1,Mon Apr 09 16:02:52 GMT+05:30 2018
1,Mon Apr 09 16:02:53 GMT+05:30 2018
4,Mon Apr 09 16:02:54 GMT+05:30 2018
4,Mon Apr 09 16:02:55 GMT+05:30 2018
0,Mon Apr 09 16:02:56 GMT+05:30 2018
1,Mon Apr 09 16:02:57 GMT+05:30 2018
4,Mon Apr 09 16:02:58 GMT+05:30 2018
0,Mon Apr 09 16:02:59 GMT+05:30 2018
4,Mon Apr 09 16:03:00 GMT+05:30 2018
4,Mon Apr 09 16:03:01 GMT+05:30 2018
4,Mon Apr 09 16:03:02 GMT+05:30 2018
0,Mon Apr 09 16:03:03 GMT+05:30 2018
1,Mon Apr 09 16:03:04 GMT+05:30 2018
4,Mon Apr 09 16:03:05 GMT+05:30 2018
1,Mon Apr 09 16:03:06 GMT+05:30 2018
1,Mon Apr 09 16:03:07 GMT+05:30 2018
1,Mon Apr 09 16:03:08 GMT+05:30 2018
1,Mon Apr 09 16:03:09 GMT+05:30 2018
3,Mon Apr 09 16:03:10 GMT+05:30 2018
1,Mon Apr 09 16:03:11 GMT+05:30 2018
1,Mon Apr 09 16:03:12 GMT+05:30 2018
4,Mon Apr 09 16:03:13 GMT+05:30 2018
0,Mon Apr 09 16:03:14 GMT+05:30 2018
1,Mon Apr 09 16:03:15 GMT+05:30 2018
2,Mon Apr 09 16:03:16 GMT+05:30 2018
2,Mon Apr 09 16:03:17 GMT+05:30 2018
0,Mon Apr 09 16:03:18 GMT+05:30 2018
4,Mon Apr 09 16:03:19 GMT+05:30 2018
3,Mon Apr 09 16:03:20 GMT+05:30 2018
3,Mon Apr 09 16:03:21 GMT+05:30 2018
2,Mon Apr 09 16:03:22 GMT+05:30 2018
1,Mon Apr 09 16:03:23 GMT+05:30 2018
2,Mon Apr 09 16:03:24 GMT+05:30 2018
2,Mon Apr 09 16:03:25 GMT+05:30 2018
2,Mon Apr 09 16:03:26 GMT+05:30 2018
2,Mon Apr 09 16:03:27 GMT+05:30 2018
2,Mon Apr 09 16:03:28 GMT+05:30 2018
2,Mon Apr 09 16:03:29 GMT+05:30 2018
2,Mon Apr 09 16:03:30 GMT+05:30 2018
2,Mon Apr 09 16:03:31 GMT+05:30 2018
2,Mon Apr 09 16:03:32 GMT+05:30 2018
2,Mon Apr 09 16:03:33 GMT+05:30 2018
2,Mon Apr 09 16:03:34 GMT+05:30 2018
2,Mon Apr 09 16:03:35 GMT+05:30 2018
2,Mon Apr 09 16:03:36 GMT+05:30 2018
2,Mon Apr 09 16:03:37 GMT+05:30 2018
2,Mon Apr 09 16:03:38 GMT+05:30 2018
2,Mon Apr 09 16:03:39 GMT+05:30 2018
1,Mon Apr 09 16:03:40 GMT+05:30 2018
0,Mon Apr 09 16:03:41 GMT+05:30 2018
0,Mon Apr 09 16:03:42 GMT+05:30 2018
0,Mon Apr 09 16:03:43 GMT+05:30 2018
1,Mon Apr 09 16:03:44 GMT+05:30 2018
2,Mon Apr 09 16:03:45 GMT+05:30 2018
2,Mon Apr 09 16:03:46 GMT+05:30 2018
0,Mon Apr 09 16:03:47 GMT+05:30 2018
0,Mon Apr 09 16:03:48 GMT+05:30 2018
0,Mon Apr 09 16:03:49 GMT+05:30 2018
2,Mon Apr 09 16:03:50 GMT+05:30 2018
2,Mon Apr 09 16:03:51 GMT+05:30 2018
2,Mon Apr 09 16:03:52 GMT+05:30 2018
1,Mon Apr 09 16:03:53 GMT+05:30 2018
0,Mon Apr 09 16:03:54 GMT+05:30 2018
0,Mon Apr 09 16:03:55 GMT+05:30 2018
1,Mon Apr 09 16:03:56 GMT+05:30 2018
2,Mon Apr 09 16:03:57 GMT+05:30 2018
2,Mon Apr 09 16:03:58 GMT+05:30 2018
0,Mon Apr 09 16:03:59 GMT+05:30 2018
0,Mon Apr 09 16:04:00 GMT+05:30 2018
2,Mon Apr 09 16:04:01 GMT+05:30 2018
2,Mon Apr 09 16:04:02 GMT+05:30 2018
2,Mon Apr 09 16:04:03 GMT+05:30 2018
0,Mon Apr 09 16:04:04 GMT+05:30 2018
4,Mon Apr 09 16:04:05 GMT+05:30 2018
1,Mon Apr 09 16:04:06 GMT+05:30 2018
1,Mon Apr 09 16:04:07 GMT+05:30 2018
2,Mon Apr 09 16:04:08 GMT+05:30 2018
1,Mon Apr 09 16:04:09 GMT+05:30 2018
0,Mon Apr 09 16:04:10 GMT+05:30 2018
0,Mon Apr 09 16:04:11 GMT+05:30 2018
4,Mon Apr 09 16:04:12 GMT+05:30 2018
2,Mon Apr 09 16:04:13 GMT+05:30 2018
1,Mon Apr 09 16:04:14 GMT+05:30 2018
0,Mon Apr 09 16:04:15 GMT+05:30 2018
0,Mon Apr 09 16:04:16 GMT+05:30 2018
1,Mon Apr 09 16:04:17 GMT+05:30 2018
2,Mon Apr 09 16:04:18 GMT+05:30 2018
2,Mon Apr 09 16:04:19 GMT+05:30 2018
0,Mon Apr 09 16:04:20 GMT+05:30 2018
0,Mon Apr 09 16:04:21 GMT+05:30 2018
0,Mon Apr 09 16:04:22 GMT+05:30 2018
2,Mon Apr 09 16:04:23 GMT+05:30 2018
2,Mon Apr 09 16:04:24 GMT+05:30 2018
0,Mon Apr 09 16:04:25 GMT+05:30 2018
0,Mon Apr 09 16:04:26 GMT+05:30 2018
2,Mon Apr 09 16:04:27 GMT+05:30 2018
2,Mon Apr 09 16:04:28 GMT+05:30 2018
1,Mon Apr 09 16:04:29 GMT+05:30 2018
0,Mon Apr 09 16:04:30 GMT+05:30 2018
0,Mon Apr 09 16:04:31 GMT+05:30 2018
2,Mon Apr 09 16:04:32 GMT+05:30 2018
2,Mon Apr 09 16:04:33 GMT+05:30 2018
2,Mon Apr 09 16:04:34 GMT+05:30 2018
2,Mon Apr 09 16:04:35 GMT+05:30 2018
2,Mon Apr 09 16:04:36 GMT+05:30 2018
2,Mon Apr 09 16:04:37 GMT+05:30 2018
2,Mon Apr 09 16:04:38 GMT+05:30 2018
2,Mon Apr 09 16:04:39 GMT+05:30 2018
2,Mon Apr 09 16:04:40 GMT+05:30 2018
2,Mon Apr 09 16:04:41 GMT+05:30 2018
2,Mon Apr 09 16:04:42 GMT+05:30 2018
2,Mon Apr 09 16:04:43 GMT+05:30 2018
2,Mon Apr 09 16:04:44 GMT+05:30 2018
2,Mon Apr 09 16:04:45 GMT+05:30 2018
2,Mon Apr 09 16:04:46 GMT+05:30 2018
2,Mon Apr 09 16:04:47 GMT+05:30 2018
2,Mon Apr 09 16:04:48 GMT+05:30 2018
2,Mon Apr 09 16:04:49 GMT+05:30 2018
2,Mon Apr 09 16:04:50 GMT+05:30 2018
2,Mon Apr 09 16:04:51 GMT+05:30 2018
1,Mon Apr 09 16:04:52 GMT+05:30 2018
2,Mon Apr 09 16:04:53 GMT+05:30 2018
2,Mon Apr 09 16:04:54 GMT+05:30 2018
2,Mon Apr 09 16:04:55 GMT+05:30 2018
2,Mon Apr 09 16:04:56 GMT+05:30 2018
0,Mon Apr 09 16:16:15 GMT+05:30 2018
2,Mon Apr 09 16:16:16 GMT+05:30 2018
2,Mon Apr 09 16:16:17 GMT+05:30 2018
1,Mon Apr 09 16:16:18 GMT+05:30 2018
0,Mon Apr 09 16:16:19 GMT+05:30 2018
0,Mon Apr 09 16:16:20 GMT+05:30 2018
4,Mon Apr 09 16:16:21 GMT+05:30 2018
4,Mon Apr 09 16:16:22 GMT+05:30 2018
2,Mon Apr 09 16:16:23 GMT+05:30 2018
1,Mon Apr 09 16:16:24 GMT+05:30 2018
1,Mon Apr 09 16:16:25 GMT+05:30 2018
1,Mon Apr 09 16:16:26 GMT+05:30 2018
3,Mon Apr 09 16:16:27 GMT+05:30 2018
1,Mon Apr 09 16:16:28 GMT+05:30 2018
1,Mon Apr 09 16:16:29 GMT+05:30 2018
0,Mon Apr 09 16:16:30 GMT+05:30 2018
2,Mon Apr 09 16:16:31 GMT+05:30 2018
2,Mon Apr 09 16:16:32 GMT+05:30 2018
0,Mon Apr 09 16:16:33 GMT+05:30 2018
4,Mon Apr 09 16:16:34 GMT+05:30 2018
0,Mon Apr 09 16:16:35 GMT+05:30 2018
1,Mon Apr 09 16:16:36 GMT+05:30 2018
2,Mon Apr 09 16:16:37 GMT+05:30 2018
2,Mon Apr 09 16:16:38 GMT+05:30 2018
1,Mon Apr 09 16:16:39 GMT+05:30 2018
0,Mon Apr 09 16:16:40 GMT+05:30 2018
1,Mon Apr 09 16:16:41 GMT+05:30 2018
0,Mon Apr 09 16:16:42 GMT+05:30 2018
1,Mon Apr 09 16:16:43 GMT+05:30 2018
1,Mon Apr 09 16:16:44 GMT+05:30 2018
2,Mon Apr 09 16:16:45 GMT+05:30 2018
2,Mon Apr 09 16:16:46 GMT+05:30 2018
1,Mon Apr 09 16:16:47 GMT+05:30 2018
0,Mon Apr 09 16:16:48 GMT+05:30 2018
0,Mon Apr 09 16:16:49 GMT+05:30 2018
2,Mon Apr 09 16:16:50 GMT+05:30 2018
1,Mon Apr 09 16:16:51 GMT+05:30 2018
4,Mon Apr 09 16:16:52 GMT+05:30 2018
0,Mon Apr 09 16:16:53 GMT+05:30 2018
4,Mon Apr 09 16:16:54 GMT+05:30 2018
1,Mon Apr 09 16:16:55 GMT+05:30 2018
2,Mon Apr 09 16:16:56 GMT+05:30 2018
0,Mon Apr 09 16:16:57 GMT+05:30 2018
0,Mon Apr 09 16:16:58 GMT+05:30 2018
1,Mon Apr 09 16:16:59 GMT+05:30 2018
2,Mon Apr 09 16:17:00 GMT+05:30 2018
2,Mon Apr 09 16:17:01 GMT+05:30 2018
2,Mon Apr 09 16:17:02 GMT+05:30 2018
1,Mon Apr 09 16:17:03 GMT+05:30 2018
0,Mon Apr 09 16:17:04 GMT+05:30 2018
1,Mon Apr 09 16:17:05 GMT+05:30 2018
4,Mon Apr 09 16:17:06 GMT+05:30 2018
2,Mon Apr 09 16:17:07 GMT+05:30 2018
2,Mon Apr 09 16:17:08 GMT+05:30 2018
2,Mon Apr 09 16:17:09 GMT+05:30 2018
2,Mon Apr 09 16:17:10 GMT+05:30 2018
2,Mon Apr 09 16:17:11 GMT+05:30 2018
2,Mon Apr 09 16:17:12 GMT+05:30 2018
2,Mon Apr 09 16:17:13 GMT+05:30 2018
4,Mon Apr 09 16:20:19 GMT+05:30 2018
4,Mon Apr 09 16:20:20 GMT+05:30 2018
1,Mon Apr 09 16:27:42 GMT+05:30 2018
2,Mon Apr 09 16:27:43 GMT+05:30 2018
1,Mon Apr 09 16:27:44 GMT+05:30 2018
0,Mon Apr 09 16:27:45 GMT+05:30 2018
2,Mon Apr 09 16:27:46 GMT+05:30 2018
2,Mon Apr 09 16:27:47 GMT+05:30 2018
1,Mon Apr 09 16:27:48 GMT+05:30 2018
0,Mon Apr 09 16:27:49 GMT+05:30 2018
0,Mon Apr 09 16:27:50 GMT+05:30 2018
2,Mon Apr 09 16:27:51 GMT+05:30 2018
2,Mon Apr 09 16:27:52 GMT+05:30 2018
0,Mon Apr 09 16:27:53 GMT+05:30 2018
1,Mon Apr 09 16:27:54 GMT+05:30 2018
1,Mon Apr 09 16:27:55 GMT+05:30 2018
4,Mon Apr 09 16:27:56 GMT+05:30 2018
1,Mon Apr 09 16:27:57 GMT+05:30 2018
1,Mon Apr 09 16:27:58 GMT+05:30 2018
3,Mon Apr 09 16:27:59 GMT+05:30 2018
4,Mon Apr 09 16:28:00 GMT+05:30 2018
1,Mon Apr 09 16:28:01 GMT+05:30 2018
3,Mon Apr 09 16:28:02 GMT+05:30 2018
0,Mon Apr 09 16:28:03 GMT+05:30 2018
4,Mon Apr 09 16:28:04 GMT+05:30 2018
0,Mon Apr 09 16:28:05 GMT+05:30 2018
3,Mon Apr 09 16:28:06 GMT+05:30 2018
4,Mon Apr 09 16:28:07 GMT+05:30 2018
4,Mon Apr 09 16:28:08 GMT+05:30 2018
4,Mon Apr 09 16:28:09 GMT+05:30 2018
0,Mon Apr 09 16:28:10 GMT+05:30 2018
4,Mon Apr 09 16:28:11 GMT+05:30 2018
1,Mon Apr 09 16:28:12 GMT+05:30 2018
3,Mon Apr 09 16:28:13 GMT+05:30 2018
1,Mon Apr 09 16:28:14 GMT+05:30 2018
1,Mon Apr 09 16:28:15 GMT+05:30 2018
3,Mon Apr 09 16:28:16 GMT+05:30 2018
1,Mon Apr 09 16:28:17 GMT+05:30 2018
0,Mon Apr 09 16:28:18 GMT+05:30 2018
3,Mon Apr 09 16:28:19 GMT+05:30 2018
0,Mon Apr 09 16:28:20 GMT+05:30 2018
0,Mon Apr 09 16:28:21 GMT+05:30 2018
1,Mon Apr 09 16:28:22 GMT+05:30 2018
1,Mon Apr 09 16:28:23 GMT+05:30 2018
1,Mon Apr 09 16:28:24 GMT+05:30 2018
4,Mon Apr 09 16:28:25 GMT+05:30 2018
2,Mon Apr 09 16:28:26 GMT+05:30 2018
2,Mon Apr 09 16:28:27 GMT+05:30 2018
2,Mon Apr 09 16:28:28 GMT+05:30 2018
0,Mon Apr 09 16:28:29 GMT+05:30 2018
0,Mon Apr 09 16:28:30 GMT+05:30 2018
4,Mon Apr 09 16:28:31 GMT+05:30 2018
4,Mon Apr 09 16:28:32 GMT+05:30 2018
4,Mon Apr 09 16:28:33 GMT+05:30 2018
1,Mon Apr 09 16:28:34 GMT+05:30 2018
4,Mon Apr 09 16:28:35 GMT+05:30 2018
4,Mon Apr 09 16:28:36 GMT+05:30 2018
1,Mon Apr 09 16:28:37 GMT+05:30 2018
2,Mon Apr 09 16:28:38 GMT+05:30 2018
4,Mon Apr 09 16:28:39 GMT+05:30 2018
2,Mon Apr 09 16:28:40 GMT+05:30 2018
1,Mon Apr 09 16:28:41 GMT+05:30 2018
2,Mon Apr 09 16:28:42 GMT+05:30 2018
1,Mon Apr 09 16:28:43 GMT+05:30 2018
3,Mon Apr 09 16:28:44 GMT+05:30 2018
1,Mon Apr 09 16:28:45 GMT+05:30 2018
2,Mon Apr 09 16:28:46 GMT+05:30 2018
0,Mon Apr 09 16:28:47 GMT+05:30 2018
1,Mon Apr 09 16:28:48 GMT+05:30 2018
3,Mon Apr 09 16:28:49 GMT+05:30 2018
4,Mon Apr 09 16:28:50 GMT+05:30 2018
1,Mon Apr 09 16:28:51 GMT+05:30 2018
1,Mon Apr 09 16:28:52 GMT+05:30 2018
1,Mon Apr 09 16:28:53 GMT+05:30 2018
1,Mon Apr 09 16:28:54 GMT+05:30 2018
1,Mon Apr 09 16:28:55 GMT+05:30 2018
1,Mon Apr 09 16:28:56 GMT+05:30 2018
2,Mon Apr 09 16:28:57 GMT+05:30 2018
2,Mon Apr 09 16:28:58 GMT+05:30 2018
2,Mon Apr 09 16:28:59 GMT+05:30 2018
1,Mon Apr 09 16:29:00 GMT+05:30 2018
2,Mon Apr 09 16:29:01 GMT+05:30 2018
2,Mon Apr 09 16:29:02 GMT+05:30 2018
2,Mon Apr 09 16:29:03 GMT+05:30 2018
2,Mon Apr 09 16:29:04 GMT+05:30 2018
2,Mon Apr 09 16:29:05 GMT+05:30 2018
2,Mon Apr 09 16:29:06 GMT+05:30 2018
2,Mon Apr 09 16:29:07 GMT+05:30 2018
1,Mon Apr 09 16:29:08 GMT+05:30 2018
3,Mon Apr 09 16:29:09 GMT+05:30 2018
2,Mon Apr 09 16:29:10 GMT+05:30 2018
0,Mon Apr 09 16:29:11 GMT+05:30 2018
4,Mon Apr 09 16:29:12 GMT+05:30 2018
1,Mon Apr 09 16:29:13 GMT+05:30 2018
1,Mon Apr 09 16:29:14 GMT+05:30 2018
0,Mon Apr 09 16:29:15 GMT+05:30 2018
1,Mon Apr 09 16:29:16 GMT+05:30 2018
1,Mon Apr 09 16:29:17 GMT+05:30 2018
2,Mon Apr 09 16:29:18 GMT+05:30 2018
1,Mon Apr 09 16:29:19 GMT+05:30 2018
1,Mon Apr 09 16:29:20 GMT+05:30 2018
0,Mon Apr 09 16:29:21 GMT+05:30 2018
4,Mon Apr 09 16:29:22 GMT+05:30 2018
4,Mon Apr 09 16:29:23 GMT+05:30 2018
0,Mon Apr 09 16:29:24 GMT+05:30 2018
1,Mon Apr 09 16:29:25 GMT+05:30 2018
3,Mon Apr 09 16:29:26 GMT+05:30 2018
0,Mon Apr 09 16:29:27 GMT+05:30 2018
2,Mon Apr 09 16:29:28 GMT+05:30 2018
1,Mon Apr 09 16:29:29 GMT+05:30 2018
3,Mon Apr 09 16:29:30 GMT+05:30 2018
4,Mon Apr 09 16:29:31 GMT+05:30 2018
1,Mon Apr 09 16:29:32 GMT+05:30 2018
0,Mon Apr 09 16:29:33 GMT+05:30 2018
4,Mon Apr 09 16:29:34 GMT+05:30 2018
1,Mon Apr 09 16:29:35 GMT+05:30 2018
2,Mon Apr 09 16:29:36 GMT+05:30 2018
4,Mon Apr 09 16:29:37 GMT+05:30 2018
4,Mon Apr 09 16:29:38 GMT+05:30 2018
0,Mon Apr 09 16:29:39 GMT+05:30 2018
1,Mon Apr 09 16:29:40 GMT+05:30 2018
0,Mon Apr 09 16:29:41 GMT+05:30 2018
3,Mon Apr 09 16:29:42 GMT+05:30 2018
3,Mon Apr 09 16:29:43 GMT+05:30 2018
4,Mon Apr 09 16:29:44 GMT+05:30 2018
0,Mon Apr 09 16:29:45 GMT+05:30 2018
2,Mon Apr 09 16:29:46 GMT+05:30 2018
